ts,t_src_degC,m_dot_kg_s,medium,demand,continuity,driver,dT_degC,hours
2026-09-05T00:00:00+08:00,120,50,热水/冷凝水,发电,连续,余热自驱动,10,8000
2026-09-05T00:00:01+08:00,122,51,热水/冷凝水,发电,连续,余热自驱动,10,8000
2026-09-05T00:00:02+08:00,125,52,热水/冷凝水,发电,连续,余热自驱动,10,8000
2026-09-05T00:00:03+08:00,123,50,热水/冷凝水,发电,连续,余热自驱动,10,8000
2026-09-05T00:00:04+08:00,118,49,热水/冷凝水,发电,连续,余热自驱动,10,8000
2026-09-05T00:00:05+08:00,80,20,热水/冷凝水,供冷（制冷）,连续,余热自驱动,10,8000
2026-09-05T00:00:06+08:00,81,20,热水/冷凝水,供冷（制冷）,连续,余热自驱动,10,8000
2026-09-05T00:00:07+08:00,150,40,烟气,干燥/烘干,连续,余热自驱动,10,6000
2026-09-05T00:00:08+08:00,700,50,烟气,发电,连续,余热自驱动,10,8000
